timestamp,station_id,WVHT,WSPD,WTMP
2026-06-20 10:26:00,46258,1.2,,19.5
2026-06-20 10:56:00,46258,1.2,,19.5
2026-06-20 11:26:00,46258,1.1,,19.6
2026-06-20 11:56:00,46258,1.2,,19.6
2026-06-20 12:26:00,46258,1.1,,19.7
2026-06-20 12:56:00,46258,1.1,,19.7
2026-06-20 13:26:00,46258,1.1,,19.7
2026-06-20 13:56:00,46258,1.2,,19.7
2026-06-20 14:26:00,46258,1.4,,19.6
2026-06-20 14:56:00,46258,1.2,,19.6
2026-06-20 15:26:00,46258,1.2,,19.7
2026-06-20 15:56:00,46258,1.2,,19.8
2026-06-20 16:26:00,46258,1.2,,19.8
2026-06-20 16:56:00,46258,1.0,,19.9
2026-06-20 17:26:00,46258,1.1,,19.9
2026-06-20 17:56:00,46258,1.0,,19.9
2026-06-20 18:26:00,46258,1.2,,19.9
2026-06-20 18:56:00,46258,1.2,,19.9
2026-06-20 19:26:00,46258,1.1,,19.9
2026-06-20 19:56:00,46258,1.0,,19.9
2026-06-20 20:26:00,46258,1.3,,19.9
2026-06-20 20:56:00,46258,1.2,,19.9
2026-06-20 21:26:00,46258,1.1,,20.0
2026-06-20 21:56:00,46258,1.2,,20.0
2026-06-20 22:26:00,46258,1.2,,19.9
2026-06-20 22:56:00,46258,1.2,,19.8
2026-06-20 23:26:00,46258,1.2,,19.8
2026-06-20 23:56:00,46258,1.1,,19.8
2026-06-21 00:26:00,46258,1.2,,19.8
2026-06-21 00:56:00,46258,1.0,,19.7
2026-06-21 01:26:00,46258,1.2,,19.7
2026-06-21 01:56:00,46258,1.3,,19.7
2026-06-21 02:26:00,46258,1.3,,19.6
2026-06-21 02:56:00,46258,1.3,,19.6
2026-06-21 03:26:00,46258,1.3,,19.6
2026-06-21 03:56:00,46258,1.3,,19.6
2026-06-21 04:26:00,46258,1.3,,19.6
2026-06-21 04:56:00,46258,1.1,,19.6
2026-06-21 05:26:00,46258,1.3,,19.6
2026-06-21 05:56:00,46258,1.3,,19.6
2026-06-21 06:26:00,46258,1.3,,19.5
2026-06-21 06:56:00,46258,1.3,,19.5
2026-06-21 07:26:00,46258,1.2,,19.5
2026-06-21 07:56:00,46258,1.3,,19.5
2026-06-21 08:26:00,46258,1.2,,19.5
2026-06-21 08:56:00,46258,1.2,,19.6
2026-06-21 09:26:00,46258,1.2,,19.6
2026-06-21 09:56:00,46258,1.2,,19.6
2026-06-21 10:26:00,46258,1.2,,19.5
2026-06-21 10:56:00,46258,1.2,,19.5
2026-06-21 11:26:00,46258,1.3,,19.6
2026-06-21 11:56:00,46258,1.1,,19.6
2026-06-21 12:26:00,46258,1.2,,19.6
2026-06-21 12:56:00,46258,1.1,,19.6
2026-06-21 13:26:00,46258,1.1,,19.6
2026-06-21 13:56:00,46258,1.2,,19.7
2026-06-21 14:26:00,46258,1.2,,19.7
2026-06-21 14:56:00,46258,1.1,,19.7
2026-06-21 15:26:00,46258,1.2,,19.6
2026-06-21 15:56:00,46258,1.3,,19.7
2026-06-21 16:26:00,46258,1.2,,19.7
2026-06-21 16:56:00,46258,1.2,,19.8
2026-06-21 17:26:00,46258,1.2,,19.8
2026-06-21 17:56:00,46258,1.1,,19.8
2026-06-21 18:26:00,46258,1.2,,20.0
2026-06-21 18:56:00,46258,1.2,,20.0
2026-06-21 19:26:00,46258,1.0,,20.1
2026-06-21 19:56:00,46258,1.1,,20.0
2026-06-21 20:26:00,46258,1.1,,20.1
2026-06-21 20:56:00,46258,1.1,,20.1
2026-06-21 21:26:00,46258,1.1,,20.1
2026-06-21 21:56:00,46258,0.9,,20.1
2026-06-21 22:26:00,46258,1.2,,20.1
2026-06-21 22:56:00,46258,1.1,,20.1
2026-06-21 23:26:00,46258,1.1,,20.2
2026-06-21 23:56:00,46258,1.1,,20.1
2026-06-22 00:26:00,46258,1.2,,20.1
2026-06-22 00:56:00,46258,1.1,,20.1
2026-06-22 01:26:00,46258,1.1,,20.1
2026-06-22 01:56:00,46258,1.2,,20.1
2026-06-22 02:26:00,46258,1.1,,20.0
2026-06-22 02:56:00,46258,1.1,,19.9
2026-06-22 03:26:00,46258,1.1,,19.8
2026-06-22 03:56:00,46258,1.2,,19.8
2026-06-22 04:26:00,46258,1.1,,19.9
2026-06-22 04:56:00,46258,1.0,,19.9
2026-06-22 05:26:00,46258,1.2,,19.9
2026-06-22 05:56:00,46258,1.2,,19.9
2026-06-22 06:26:00,46258,1.1,,19.9
2026-06-22 06:56:00,46258,1.2,,19.9
2026-06-22 07:26:00,46258,1.1,,20.0
2026-06-22 07:56:00,46258,1.2,,19.9
2026-06-22 08:26:00,46258,1.1,,19.9
2026-06-22 08:56:00,46258,1.0,,20.0
2026-06-22 09:26:00,46258,1.1,,20.0
2026-06-22 09:56:00,46258,1.0,,20.0
2026-06-22 10:26:00,46258,1.2,,20.0
2026-06-22 10:56:00,46258,1.1,,20.0
2026-06-22 11:26:00,46258,1.1,,20.0
2026-06-22 11:56:00,46258,1.0,,20.0
2026-06-22 12:26:00,46258,1.1,,20.0
2026-06-22 12:56:00,46258,1.1,,19.9
2026-06-22 13:26:00,46258,1.1,,19.9
2026-06-22 13:56:00,46258,1.0,,19.9
2026-06-22 14:26:00,46258,1.0,,20.0
2026-06-22 14:56:00,46258,1.1,,20.0
2026-06-22 15:26:00,46258,1.1,,20.0
2026-06-22 15:56:00,46258,1.1,,20.0
2026-06-22 16:26:00,46258,1.0,,20.1
2026-06-22 16:56:00,46258,1.1,,20.1
2026-06-22 17:26:00,46258,1.1,,20.2
2026-06-22 17:56:00,46258,1.1,,20.4
2026-06-22 18:26:00,46258,1.1,,20.5
2026-06-22 18:56:00,46258,1.0,,20.4
2026-06-22 19:26:00,46258,1.0,,20.4
2026-06-22 19:56:00,46258,1.0,,20.5
2026-06-22 20:26:00,46258,1.1,,20.6
2026-06-22 20:56:00,46258,0.9,,20.7
2026-06-22 21:26:00,46258,0.9,,20.7
2026-06-22 21:56:00,46258,0.9,,20.6
2026-06-22 22:26:00,46258,1.0,,20.5
2026-06-22 22:56:00,46258,0.9,,20.6
2026-06-22 23:26:00,46258,0.9,,20.6
2026-06-22 23:56:00,46258,1.0,,20.6
2026-06-23 00:26:00,46258,0.9,,20.6
2026-06-23 00:56:00,46258,1.0,,20.5
2026-06-23 01:26:00,46258,0.9,,20.5
2026-06-23 01:56:00,46258,0.9,,20.4
2026-06-23 02:26:00,46258,1.0,,20.4
2026-06-23 02:56:00,46258,1.0,,20.4
2026-06-23 03:26:00,46258,1.0,,20.4
2026-06-23 03:56:00,46258,0.9,,20.4
2026-06-23 04:26:00,46258,1.0,,20.4
2026-06-23 04:56:00,46258,1.1,,20.4
2026-06-23 05:26:00,46258,0.9,,20.4
2026-06-23 05:56:00,46258,1.0,,20.4
2026-06-23 06:26:00,46258,0.9,,20.4
2026-06-23 06:56:00,46258,1.1,,20.4
2026-06-23 07:26:00,46258,1.1,,20.3
2026-06-23 07:56:00,46258,1.0,,20.3
2026-06-23 08:26:00,46258,1.1,,20.3
2026-06-23 08:56:00,46258,1.0,,20.2
2026-06-23 09:26:00,46258,0.9,,20.2
2026-06-23 09:56:00,46258,0.9,,20.2
2026-06-23 10:26:00,46258,0.9,,20.1
2026-06-23 10:56:00,46258,0.9,,20.1
2026-06-23 11:26:00,46258,1.0,,20.2
2026-06-23 11:56:00,46258,1.0,,20.2
2026-06-23 12:26:00,46258,0.9,,20.2
2026-06-23 12:56:00,46258,0.9,,20.3
2026-06-23 13:26:00,46258,1.0,,20.3
2026-06-23 13:56:00,46258,0.9,,20.2
2026-06-23 14:26:00,46258,0.9,,20.2
2026-06-23 14:56:00,46258,1.0,,20.1
2026-06-23 15:26:00,46258,1.0,,20.1
2026-06-23 15:56:00,46258,1.0,,20.1
2026-06-23 16:26:00,46258,1.0,,20.1
2026-06-23 16:56:00,46258,1.1,,20.1
2026-06-23 17:26:00,46258,1.0,,20.1
2026-06-23 17:56:00,46258,1.1,,20.1
2026-06-23 18:26:00,46258,0.9,,20.1
2026-06-23 18:56:00,46258,1.0,,20.2
2026-06-23 19:26:00,46258,0.9,,20.3
2026-06-23 19:56:00,46258,1.0,,20.4
2026-06-23 20:26:00,46258,0.9,,20.5
2026-06-23 20:56:00,46258,1.1,,20.5
2026-06-23 21:26:00,46258,1.0,,20.8
2026-06-23 21:56:00,46258,0.9,,20.7
2026-06-23 22:26:00,46258,0.9,,20.8
2026-06-23 22:56:00,46258,1.0,,20.7
2026-06-23 23:26:00,46258,1.0,,20.8
2026-06-23 23:56:00,46258,0.9,,20.7
2026-06-24 00:26:00,46258,1.0,,20.6
2026-06-24 00:56:00,46258,0.9,,20.5
2026-06-24 01:26:00,46258,0.9,,20.6
2026-06-24 01:56:00,46258,1.1,,20.6
2026-06-24 02:26:00,46258,0.9,,20.5
2026-06-24 02:56:00,46258,0.9,,20.5
2026-06-24 03:26:00,46258,0.9,,20.4
2026-06-24 03:56:00,46258,0.9,,20.4
2026-06-24 04:26:00,46258,0.9,,20.3
2026-06-24 04:56:00,46258,1.0,,20.2
2026-06-24 05:26:00,46258,1.0,,20.2
2026-06-24 05:56:00,46258,1.0,,20.2
2026-06-24 06:26:00,46258,1.1,,20.3
2026-06-24 06:56:00,46258,1.1,,20.2
2026-06-24 07:26:00,46258,1.0,,20.2
2026-06-24 07:56:00,46258,1.0,,20.2
2026-06-24 08:26:00,46258,1.0,,20.2
2026-06-24 08:56:00,46258,1.0,,20.2
2026-06-24 09:26:00,46258,1.0,,20.2
2026-06-24 09:56:00,46258,1.0,,20.2
2026-06-24 10:26:00,46258,1.0,,20.2
2026-06-24 10:56:00,46258,1.3,,20.2
2026-06-24 11:26:00,46258,1.1,,20.1
2026-06-24 11:56:00,46258,1.1,,20.1
2026-06-24 12:26:00,46258,1.1,,20.1
2026-06-24 12:56:00,46258,1.1,,20.1
2026-06-24 13:26:00,46258,1.1,,20.1
2026-06-24 13:56:00,46258,1.1,,20.1
2026-06-24 14:26:00,46258,1.0,,20.1
2026-06-24 14:56:00,46258,1.0,,20.1
2026-06-24 15:26:00,46258,1.1,,20.1
2026-06-24 15:56:00,46258,1.1,,20.1
2026-06-24 16:26:00,46258,0.9,,20.2
2026-06-24 16:56:00,46258,1.0,,20.2
2026-06-24 17:26:00,46258,1.0,,20.2
2026-06-24 17:56:00,46258,1.2,,20.2
2026-06-24 18:26:00,46258,1.2,,20.2
2026-06-24 18:56:00,46258,1.1,,20.2
2026-06-24 19:26:00,46258,1.3,,20.2
2026-06-24 19:56:00,46258,1.2,,20.3
2026-06-24 20:26:00,46258,1.2,,20.3
2026-06-24 20:56:00,46258,1.2,,20.4
2026-06-24 21:26:00,46258,1.1,,20.4
2026-06-24 21:56:00,46258,1.2,,20.3
2026-06-24 22:26:00,46258,1.2,,20.4
2026-06-24 22:56:00,46258,1.2,,20.3
2026-06-24 23:26:00,46258,1.2,,20.3
2026-06-24 23:56:00,46258,1.2,,20.3
2026-06-25 00:26:00,46258,1.1,,20.3
2026-06-25 00:56:00,46258,1.2,,20.3
2026-06-25 01:26:00,46258,1.0,,20.3
2026-06-25 01:56:00,46258,1.1,,20.3
2026-06-25 02:26:00,46258,1.2,,20.3
2026-06-25 02:56:00,46258,1.3,,20.3
2026-06-25 03:26:00,46258,1.1,,20.3
2026-06-25 03:56:00,46258,1.2,,20.3
2026-06-25 04:26:00,46258,1.1,,20.3
2026-06-25 04:56:00,46258,1.2,,20.3
2026-06-25 05:26:00,46258,1.1,,20.3
2026-06-25 05:56:00,46258,1.1,,20.3
2026-06-25 06:26:00,46258,1.3,,20.3
2026-06-25 06:56:00,46258,1.2,,20.3
2026-06-25 07:26:00,46258,1.2,,20.3
2026-06-25 07:56:00,46258,1.3,,20.3
2026-06-25 08:26:00,46258,1.1,,20.2
2026-06-25 08:56:00,46258,1.0,,20.2
2026-06-25 09:26:00,46258,1.1,,20.2
2026-06-25 09:56:00,46258,1.2,,20.2
2026-06-25 10:26:00,46258,1.2,,20.2
2026-06-25 10:56:00,46258,1.2,,20.1
2026-06-25 11:26:00,46258,1.2,,20.1
2026-06-25 11:56:00,46258,1.1,,20.1
2026-06-25 12:26:00,46258,1.1,,20.1
2026-06-25 12:56:00,46258,1.0,,20.1
2026-06-25 13:26:00,46258,1.1,,20.1
2026-06-25 13:56:00,46258,0.9,,20.1
2026-06-25 14:26:00,46258,1.1,,20.1
2026-06-25 14:56:00,46258,1.0,,20.0
2026-06-25 15:26:00,46258,1.0,,20.0
2026-06-25 15:56:00,46258,1.0,,20.0
2026-06-25 16:26:00,46258,1.0,,20.0
2026-06-25 16:56:00,46258,1.1,,20.1
2026-06-25 17:26:00,46258,1.1,,20.1
2026-06-25 17:56:00,46258,1.0,,20.2
2026-06-25 18:26:00,46258,1.0,,20.2
2026-06-25 18:56:00,46258,1.0,,20.3
2026-06-25 19:26:00,46258,1.0,,20.3
2026-06-25 19:56:00,46258,1.0,,20.4
2026-06-25 20:26:00,46258,0.9,,20.4
2026-06-25 20:56:00,46258,1.0,,20.4
2026-06-25 21:26:00,46258,1.1,,20.5
2026-06-25 21:56:00,46258,0.9,,20.5
2026-06-25 22:26:00,46258,1.1,,20.6
2026-06-25 22:56:00,46258,1.0,,20.5
2026-06-25 23:26:00,46258,1.0,,20.5
2026-06-25 23:56:00,46258,0.9,,20.5
2026-06-26 00:26:00,46258,0.9,,20.4
2026-06-26 00:56:00,46258,1.0,,20.4
2026-06-26 01:26:00,46258,1.0,,20.4
2026-06-26 01:56:00,46258,0.9,,20.4
2026-06-26 02:26:00,46258,1.0,,20.3
2026-06-26 02:56:00,46258,1.0,,20.3
2026-06-26 03:26:00,46258,0.9,,20.3
2026-06-26 03:56:00,46258,0.9,,20.3
2026-06-26 04:26:00,46258,1.0,,20.3
2026-06-26 04:56:00,46258,0.9,,20.3
2026-06-26 05:26:00,46258,1.0,,20.3
2026-06-26 05:56:00,46258,1.0,,20.3
2026-06-26 06:26:00,46258,1.1,,20.3
2026-06-26 06:56:00,46258,1.0,,20.3
2026-06-26 07:26:00,46258,1.0,,20.3
2026-06-26 07:56:00,46258,1.1,,20.3
2026-06-26 08:26:00,46258,1.1,,20.3
2026-06-26 08:56:00,46258,1.0,,20.3
2026-06-26 09:26:00,46258,1.0,,20.3
2026-06-26 09:56:00,46258,1.0,,20.3
2026-06-26 10:26:00,46258,1.0,,20.3
2026-06-26 10:56:00,46258,1.1,,20.3
2026-06-26 11:26:00,46258,0.9,,20.3
2026-06-26 11:56:00,46258,1.0,,20.3
2026-06-26 12:26:00,46258,0.9,,20.3
2026-06-26 12:56:00,46258,0.9,,20.2
2026-06-26 13:26:00,46258,1.0,,20.2
2026-06-26 13:56:00,46258,0.8,,20.2
2026-06-26 14:26:00,46258,0.9,,20.2
2026-06-26 14:56:00,46258,0.8,,20.2
2026-06-26 15:26:00,46258,0.9,,20.2
2026-06-26 15:56:00,46258,0.9,,20.3
2026-06-26 16:26:00,46258,0.9,,20.4
2026-06-26 16:56:00,46258,0.9,,20.6
2026-06-26 17:26:00,46258,0.9,,20.7
2026-06-26 17:56:00,46258,0.8,,20.7
2026-06-26 18:26:00,46258,0.8,,20.8
2026-06-26 18:56:00,46258,0.9,,20.8
2026-06-26 19:26:00,46258,0.9,,20.8
2026-06-26 19:56:00,46258,0.9,,20.8
2026-06-26 20:26:00,46258,1.0,,20.8
2026-06-26 20:56:00,46258,0.9,,20.8
2026-06-26 21:26:00,46258,1.0,,20.8
2026-06-26 21:56:00,46258,0.9,,20.7
2026-06-26 22:26:00,46258,1.0,,20.7
2026-06-26 22:56:00,46258,1.0,,20.6
2026-06-26 23:26:00,46258,0.9,,20.5
2026-06-26 23:56:00,46258,1.1,,20.5
2026-06-27 00:26:00,46258,1.1,,20.6
2026-06-27 00:56:00,46258,0.9,,20.5
2026-06-27 01:26:00,46258,0.9,,20.6
2026-06-27 01:56:00,46258,0.8,,20.6
2026-06-27 02:26:00,46258,0.9,,20.5
2026-06-27 02:56:00,46258,0.9,,20.5
2026-06-27 03:26:00,46258,1.0,,20.5
2026-06-27 03:56:00,46258,0.9,,20.5
2026-06-27 04:26:00,46258,0.9,,20.5
2026-06-27 04:56:00,46258,0.9,,20.4
2026-06-27 05:26:00,46258,0.9,,20.3
2026-06-27 05:56:00,46258,1.0,,20.3
2026-06-27 06:26:00,46258,1.0,,20.2
2026-06-27 06:56:00,46258,0.9,,20.1
2026-06-27 07:26:00,46258,0.9,,20.1
2026-06-27 07:56:00,46258,1.0,,20.1
2026-06-27 08:26:00,46258,1.0,,20.1
2026-06-27 08:56:00,46258,0.9,,20.1
2026-06-27 09:26:00,46258,1.0,,20.1
2026-06-27 09:56:00,46258,1.0,,20.1
2026-06-27 10:26:00,46258,1.1,,20.1
2026-06-27 10:56:00,46258,1.0,,20.1
2026-06-27 11:26:00,46258,1.0,,20.0
2026-06-27 11:56:00,46258,1.0,,20.0
2026-06-27 12:26:00,46258,1.0,,20.0
2026-06-27 12:56:00,46258,1.1,,20.0
2026-06-27 13:26:00,46258,1.0,,19.9
2026-06-27 13:56:00,46258,1.0,,19.9
2026-06-27 14:26:00,46258,1.0,,19.8
2026-06-27 14:56:00,46258,1.1,,19.8
2026-06-27 15:26:00,46258,1.0,,19.8
2026-06-27 15:56:00,46258,1.1,,19.8
2026-06-27 16:26:00,46258,1.1,,19.8
2026-06-27 16:56:00,46258,1.2,,19.9
2026-06-27 17:26:00,46258,1.1,,19.9
2026-06-27 17:56:00,46258,1.2,,20.0
2026-06-27 18:26:00,46258,1.2,,20.1
2026-06-27 18:56:00,46258,1.2,,20.3
2026-06-27 19:26:00,46258,1.2,,20.4
2026-06-27 19:56:00,46258,1.2,,20.3
2026-06-27 20:26:00,46258,1.3,,20.4
2026-06-27 20:56:00,46258,1.2,,20.4
2026-06-27 21:26:00,46258,1.1,,20.4
2026-06-27 21:56:00,46258,1.1,,20.4
2026-06-27 22:26:00,46258,1.2,,20.4
2026-06-27 22:56:00,46258,1.2,,20.4
2026-06-27 23:26:00,46258,1.1,,20.3
2026-06-27 23:56:00,46258,1.2,,20.2
2026-06-28 00:26:00,46258,1.3,,20.2
2026-06-28 00:56:00,46258,1.1,,20.2
2026-06-28 01:26:00,46258,1.1,,20.3
2026-06-28 01:56:00,46258,1.2,,20.1
2026-06-28 02:26:00,46258,1.1,,20.2
2026-06-28 02:56:00,46258,1.1,,20.1
2026-06-28 03:26:00,46258,1.2,,20.1
2026-06-28 03:56:00,46258,1.1,,20.0
2026-06-28 04:26:00,46258,1.4,,20.0
2026-06-28 04:56:00,46258,1.2,,19.9
2026-06-28 05:26:00,46258,1.3,,20.1
2026-06-28 05:56:00,46258,1.2,,20.1
2026-06-28 06:26:00,46258,1.3,,20.1
2026-06-28 06:56:00,46258,1.3,,20.0
2026-06-28 07:26:00,46258,1.2,,20.0
2026-06-28 07:56:00,46258,1.3,,20.0
2026-06-28 08:26:00,46258,1.4,,19.9
2026-06-28 08:56:00,46258,1.3,,19.9
2026-06-28 09:26:00,46258,1.3,,19.9
2026-06-28 09:56:00,46258,1.4,,19.9
2026-06-28 10:26:00,46258,1.4,,19.9
2026-06-28 10:56:00,46258,1.4,,20.0
2026-06-28 11:26:00,46258,1.4,,19.9
2026-06-28 11:56:00,46258,1.6,,19.9
2026-06-28 12:26:00,46258,1.5,,19.9
2026-06-28 12:56:00,46258,1.5,,19.9
2026-06-28 13:26:00,46258,1.5,,19.9
2026-06-28 13:56:00,46258,1.5,,19.9
2026-06-28 14:26:00,46258,1.4,,19.9
2026-06-28 14:56:00,46258,1.5,,19.9
2026-06-28 15:26:00,46258,1.5,,19.9
2026-06-28 15:56:00,46258,1.5,,19.9
2026-06-28 16:26:00,46258,1.5,,19.9
2026-06-28 16:56:00,46258,1.5,,19.9
2026-06-28 17:26:00,46258,1.5,,19.9
2026-06-28 17:56:00,46258,1.4,,19.9
2026-06-28 18:26:00,46258,1.5,,19.9
2026-06-28 18:56:00,46258,1.5,,20.0
2026-06-28 19:26:00,46258,1.5,,20.0
2026-06-28 19:56:00,46258,1.5,,20.0
2026-06-28 20:26:00,46258,1.4,,20.0
2026-06-28 20:56:00,46258,1.4,,20.1
2026-06-28 21:26:00,46258,1.4,,20.1
2026-06-28 21:56:00,46258,1.4,,20.1
2026-06-28 22:26:00,46258,1.3,,20.1
2026-06-28 22:56:00,46258,1.4,,20.1
2026-06-28 23:26:00,46258,1.3,,20.1
2026-06-28 23:56:00,46258,1.3,,20.1
2026-06-29 00:26:00,46258,1.2,,20.1
2026-06-29 00:56:00,46258,1.3,,20.1
2026-06-29 01:26:00,46258,1.3,,20.1
2026-06-29 01:56:00,46258,1.2,,20.1
2026-06-29 02:26:00,46258,1.1,,20.1
2026-06-29 02:56:00,46258,1.1,,20.1
2026-06-29 03:26:00,46258,1.1,,20.1
2026-06-29 03:56:00,46258,1.1,,20.1
2026-06-29 04:26:00,46258,1.1,,20.1
2026-06-29 04:56:00,46258,1.1,,20.1
2026-06-29 05:26:00,46258,1.1,,20.1
2026-06-29 05:56:00,46258,1.2,,20.0
2026-06-29 06:26:00,46258,1.1,,20.0
2026-06-29 06:56:00,46258,1.2,,20.0
2026-06-29 07:26:00,46258,1.2,,20.0
2026-06-29 07:56:00,46258,1.2,,20.1
2026-06-29 08:26:00,46258,1.1,,20.1
2026-06-29 08:56:00,46258,1.2,,20.1
2026-06-29 09:26:00,46258,1.3,,20.1
2026-06-29 09:56:00,46258,1.3,,20.1
2026-06-29 10:26:00,46258,1.3,,20.1
2026-06-29 10:56:00,46258,1.3,,20.1
2026-06-29 11:26:00,46258,1.3,,20.0
2026-06-29 11:56:00,46258,1.2,,20.0
2026-06-29 12:26:00,46258,1.3,,20.0
2026-06-29 12:56:00,46258,1.3,,20.1
2026-06-29 13:26:00,46258,1.3,,20.1
2026-06-29 13:56:00,46258,1.2,,20.0
2026-06-29 14:26:00,46258,1.2,,20.1
2026-06-29 14:56:00,46258,1.2,,20.2
2026-06-29 15:26:00,46258,1.1,,20.2
2026-06-29 15:56:00,46258,1.2,,20.2
2026-06-29 16:26:00,46258,1.2,,20.2
2026-06-29 16:56:00,46258,1.2,,20.3
2026-06-29 17:26:00,46258,1.3,,20.4
2026-06-29 17:56:00,46258,1.2,,20.4
2026-06-29 18:26:00,46258,1.3,,20.4
2026-06-29 18:56:00,46258,1.3,,20.4
2026-06-29 19:26:00,46258,1.4,,20.4
2026-06-29 19:56:00,46258,1.3,,20.5
2026-06-29 20:26:00,46258,1.3,,20.5
2026-06-29 20:56:00,46258,1.4,,20.5
2026-06-29 21:26:00,46258,1.3,,20.6
2026-06-29 21:56:00,46258,1.4,,20.6
2026-06-29 22:26:00,46258,1.3,,20.6
2026-06-29 22:56:00,46258,1.4,,20.6
2026-06-29 23:26:00,46258,1.4,,20.7
2026-06-29 23:56:00,46258,1.2,,20.6
2026-06-30 00:26:00,46258,1.3,,20.7
2026-06-30 00:56:00,46258,1.3,,20.7
2026-06-30 01:26:00,46258,1.3,,20.5
2026-06-30 01:56:00,46258,1.2,,20.5
2026-06-30 02:26:00,46258,1.2,,20.5
2026-06-30 02:56:00,46258,1.2,,20.5
2026-06-30 03:26:00,46258,1.2,,20.5
2026-06-30 03:56:00,46258,1.1,,20.5
2026-06-30 04:26:00,46258,1.1,,20.5
2026-06-30 04:56:00,46258,1.2,,20.5
2026-06-30 05:26:00,46258,1.2,,20.5
2026-06-30 05:56:00,46258,1.2,,20.5
2026-06-30 06:26:00,46258,1.2,,20.6
2026-06-30 06:56:00,46258,1.2,,20.6
2026-06-30 07:26:00,46258,1.2,,20.6
2026-06-30 07:56:00,46258,1.2,,20.6
2026-06-30 08:26:00,46258,1.3,,20.6
2026-06-30 08:56:00,46258,1.2,,20.6
2026-06-30 09:26:00,46258,1.3,,20.6
2026-06-30 09:56:00,46258,1.2,,20.7
2026-06-30 10:26:00,46258,1.2,,20.6
2026-06-30 10:56:00,46258,1.2,,20.6
2026-06-30 11:26:00,46258,1.1,,20.6
2026-06-30 11:56:00,46258,1.1,,20.6
2026-06-30 12:26:00,46258,1.1,,20.6
2026-06-30 12:56:00,46258,1.1,,20.6
2026-06-30 13:26:00,46258,1.1,,20.5
2026-06-30 13:56:00,46258,1.1,,20.5
2026-06-30 14:26:00,46258,1.2,,20.5
2026-06-30 14:56:00,46258,1.0,,20.5
2026-06-30 15:26:00,46258,1.1,,20.5
2026-06-30 15:56:00,46258,1.1,,20.5
2026-06-30 16:26:00,46258,1.1,,20.5
2026-06-30 16:56:00,46258,1.3,,20.5
2026-06-30 17:26:00,46258,1.1,,20.5
2026-06-30 17:56:00,46258,1.2,,20.5
2026-06-30 18:26:00,46258,1.2,,20.4
2026-06-30 18:56:00,46258,1.2,,20.3
2026-06-30 19:26:00,46258,1.2,,20.2
2026-06-30 19:56:00,46258,1.2,,20.3
2026-06-30 20:26:00,46258,1.2,,20.2
2026-06-30 20:56:00,46258,1.2,,20.2
2026-06-30 21:26:00,46258,1.3,,20.3
2026-06-30 21:56:00,46258,1.3,,20.0
2026-06-30 22:26:00,46258,1.3,,20.0
2026-06-30 22:56:00,46258,1.3,,20.0
2026-06-30 23:56:00,46258,1.2,,20.3
2026-07-01 00:26:00,46258,1.3,,20.3
2026-07-01 00:56:00,46258,1.2,,20.2
2026-07-01 01:26:00,46258,1.1,,20.8
2026-07-01 01:56:00,46258,1.2,,20.7
2026-07-01 02:26:00,46258,1.2,,20.7
2026-07-01 02:56:00,46258,1.1,,20.6
2026-07-01 03:26:00,46258,1.2,,20.6
2026-07-01 03:56:00,46258,1.1,,20.4
2026-07-01 04:26:00,46258,1.1,,20.4
2026-07-01 04:56:00,46258,1.1,,20.2
2026-07-01 05:26:00,46258,1.1,,19.9
2026-07-01 05:56:00,46258,1.0,,19.9
2026-07-01 06:26:00,46258,1.0,,19.9
2026-07-01 06:56:00,46258,1.1,,19.9
2026-07-01 07:26:00,46258,1.0,,19.8
2026-07-01 07:56:00,46258,1.0,,19.7
2026-07-01 08:26:00,46258,1.0,,19.6
2026-07-01 08:56:00,46258,1.0,,19.4
2026-07-01 09:26:00,46258,1.1,,19.5
2026-07-01 09:56:00,46258,1.1,,19.3
2026-07-01 10:26:00,46258,1.1,,19.2
2026-07-01 10:56:00,46258,1.1,,19.3
2026-07-01 11:26:00,46258,1.0,,19.3
2026-07-01 11:56:00,46258,1.1,,19.4
2026-07-01 12:26:00,46258,1.2,,19.3
2026-07-01 12:56:00,46258,0.9,,19.2
2026-07-01 13:26:00,46258,1.0,,19.1
2026-07-01 13:56:00,46258,1.0,,19.2
2026-07-01 14:26:00,46258,1.0,,19.3
2026-07-01 14:56:00,46258,1.0,,19.3
2026-07-01 15:26:00,46258,1.0,,19.3
2026-07-01 15:56:00,46258,1.0,,19.3
2026-07-01 16:26:00,46258,0.9,,19.3
2026-07-01 16:56:00,46258,1.1,,19.3
2026-07-01 17:26:00,46258,1.0,,19.4
2026-07-01 17:56:00,46258,1.0,,19.4
2026-07-01 18:26:00,46258,1.0,,19.4
2026-07-01 18:56:00,46258,1.0,,19.4
2026-07-01 19:26:00,46258,1.0,,19.5
2026-07-01 19:56:00,46258,1.0,,19.6
2026-07-01 20:26:00,46258,1.1,,19.8
2026-07-01 20:56:00,46258,1.1,,19.9
2026-07-01 21:26:00,46258,1.2,,20.0
2026-07-01 21:56:00,46258,1.2,,20.0
2026-07-01 22:26:00,46258,1.2,,20.1
2026-07-01 22:56:00,46258,1.2,,20.3
2026-07-01 23:26:00,46258,1.2,,20.4
2026-07-01 23:56:00,46258,1.2,,20.5
2026-07-02 00:26:00,46258,1.2,,20.4
2026-07-02 00:56:00,46258,1.1,,20.4
2026-07-02 01:26:00,46258,1.1,,20.4
2026-07-02 01:56:00,46258,1.1,,20.5
2026-07-02 02:26:00,46258,1.0,,20.5
2026-07-02 02:56:00,46258,1.0,,20.4
2026-07-02 03:26:00,46258,1.0,,20.4
2026-07-02 03:56:00,46258,1.0,,20.4
2026-07-02 04:26:00,46258,1.0,,20.3
2026-07-02 04:56:00,46258,0.9,,20.3
2026-07-02 05:26:00,46258,0.9,,20.4
2026-07-02 05:56:00,46258,1.0,,20.4
2026-07-02 06:26:00,46258,0.9,,20.4
2026-07-02 06:56:00,46258,0.9,,20.5
2026-07-02 07:26:00,46258,0.9,,20.5
2026-07-02 07:56:00,46258,0.9,,20.6
2026-07-02 08:26:00,46258,1.1,,20.6
2026-07-02 08:56:00,46258,1.0,,20.6
2026-07-02 09:26:00,46258,1.0,,20.6
2026-07-02 09:56:00,46258,1.0,,20.6
2026-07-02 10:26:00,46258,1.0,,20.5
2026-07-02 10:56:00,46258,1.1,,20.5
2026-07-02 11:26:00,46258,1.1,,20.5
2026-07-02 11:56:00,46258,1.0,,20.6
2026-07-02 12:26:00,46258,1.0,,20.6
2026-07-02 12:56:00,46258,1.0,,20.6
2026-07-02 13:26:00,46258,1.0,,20.6
2026-07-02 13:56:00,46258,0.9,,20.6
2026-07-02 14:26:00,46258,0.9,,20.6
2026-07-02 14:56:00,46258,0.9,,20.6
2026-07-02 15:26:00,46258,0.9,,20.7
2026-07-02 15:56:00,46258,0.9,,20.8
2026-07-02 16:26:00,46258,0.8,,20.8
2026-07-02 16:56:00,46258,0.8,,20.9
2026-07-02 17:26:00,46258,0.9,,21.1
2026-07-02 17:56:00,46258,0.9,,21.3
2026-07-02 18:26:00,46258,0.9,,21.3
2026-07-02 18:56:00,46258,0.9,,21.4
2026-07-02 19:26:00,46258,0.9,,21.4
2026-07-02 19:56:00,46258,0.9,,21.4
2026-07-02 20:26:00,46258,0.9,,21.3
2026-07-02 20:56:00,46258,0.9,,21.3
2026-07-02 21:26:00,46258,0.9,,21.2
2026-07-02 21:56:00,46258,0.9,,21.3
2026-07-02 22:26:00,46258,0.9,,21.2
2026-07-02 22:56:00,46258,1.0,,21.1
2026-07-02 23:26:00,46258,1.0,,21.0
2026-07-02 23:56:00,46258,1.1,,21.0
2026-07-03 00:26:00,46258,1.0,,20.9
2026-07-03 00:56:00,46258,1.0,,20.8
2026-07-03 01:26:00,46258,1.0,,20.7
2026-07-03 01:56:00,46258,1.0,,20.6
2026-07-03 02:26:00,46258,1.0,,20.6
2026-07-03 02:56:00,46258,1.0,,20.5
2026-07-03 03:26:00,46258,1.1,,20.5
2026-07-03 03:56:00,46258,1.1,,20.5
2026-07-03 04:26:00,46258,1.1,,20.4
2026-07-03 04:56:00,46258,1.1,,20.4
2026-07-03 05:26:00,46258,1.1,,20.4
2026-07-03 05:56:00,46258,1.1,,20.4
2026-07-03 06:26:00,46258,1.2,,20.4
2026-07-03 06:56:00,46258,1.1,,20.4
2026-07-03 07:26:00,46258,1.1,,20.3
2026-07-03 07:56:00,46258,1.0,,20.2
2026-07-03 08:26:00,46258,1.2,,20.3
2026-07-03 08:56:00,46258,1.1,,20.2
2026-07-03 09:26:00,46258,1.1,,20.2
2026-07-03 09:56:00,46258,1.1,,20.3
2026-07-03 10:26:00,46258,1.1,,20.2
2026-07-03 10:56:00,46258,1.2,,20.2
2026-07-03 11:26:00,46258,1.1,,20.3
2026-07-03 11:56:00,46258,1.2,,20.3
2026-07-03 12:26:00,46258,1.2,,20.2
2026-07-03 12:56:00,46258,1.2,,20.3
2026-07-03 13:26:00,46258,1.2,,20.3
2026-07-03 13:56:00,46258,1.1,,20.2
2026-07-03 14:26:00,46258,1.0,,20.3
2026-07-03 14:56:00,46258,1.0,,20.3
2026-07-03 15:26:00,46258,1.1,,20.3
2026-07-03 15:56:00,46258,1.0,,20.4
2026-07-03 16:26:00,46258,1.1,,20.4
2026-07-03 16:56:00,46258,1.0,,20.4
2026-07-03 17:26:00,46258,1.1,,20.5
2026-07-03 17:56:00,46258,1.0,,20.5
2026-07-03 18:26:00,46258,1.0,,20.6
2026-07-03 18:56:00,46258,1.2,,20.6
2026-07-03 19:26:00,46258,1.1,,20.7
2026-07-03 19:56:00,46258,1.0,,20.7
2026-07-03 20:26:00,46258,1.1,,20.8
2026-07-03 20:56:00,46258,1.1,,20.8
2026-07-03 21:26:00,46258,1.1,,20.8
2026-07-03 21:56:00,46258,1.1,,20.7
2026-07-03 22:26:00,46258,1.1,,20.7
2026-07-03 22:56:00,46258,1.1,,20.7
2026-07-03 23:26:00,46258,1.1,,20.7
2026-07-03 23:56:00,46258,1.0,,20.7
2026-07-04 00:26:00,46258,1.2,,20.7
2026-07-04 00:56:00,46258,1.1,,20.7
2026-07-04 01:26:00,46258,1.0,,20.6
2026-07-04 01:56:00,46258,1.0,,20.6
2026-07-04 02:26:00,46258,1.1,,20.6
2026-07-04 02:56:00,46258,1.1,,20.6
2026-07-04 03:26:00,46258,1.1,,20.6
2026-07-04 03:56:00,46258,1.1,,20.5
2026-07-04 04:26:00,46258,1.2,,20.5
2026-07-04 04:56:00,46258,1.1,,20.5
2026-07-04 05:26:00,46258,1.1,,20.6
2026-07-04 05:56:00,46258,1.1,,20.5
2026-07-04 06:26:00,46258,1.1,,20.5
2026-07-04 06:56:00,46258,1.0,,20.5
2026-07-04 07:26:00,46258,1.1,,20.5
2026-07-04 07:56:00,46258,1.1,,20.4
2026-07-04 08:26:00,46258,1.0,,20.4
2026-07-04 08:56:00,46258,1.1,,20.3
2026-07-04 09:26:00,46258,1.0,,20.3
2026-07-04 09:56:00,46258,1.0,,20.3
2026-07-04 10:26:00,46258,1.1,,20.3
2026-07-04 10:56:00,46258,1.0,,20.4
2026-07-04 11:26:00,46258,1.0,,20.4
2026-07-04 11:56:00,46258,1.1,,20.3
2026-07-04 12:26:00,46258,1.0,,20.3
2026-07-04 12:56:00,46258,0.9,,20.3
2026-07-04 13:26:00,46258,1.0,,20.3
2026-07-04 13:56:00,46258,0.9,,20.2
2026-07-04 14:26:00,46258,0.9,,20.2
2026-07-04 14:56:00,46258,1.0,,20.2
2026-07-04 15:26:00,46258,0.9,,20.2
2026-07-04 15:56:00,46258,1.0,,20.2
2026-07-04 16:26:00,46258,0.8,,20.2
2026-07-04 16:56:00,46258,0.9,,20.3
2026-07-04 17:26:00,46258,0.9,,20.3
2026-07-04 17:56:00,46258,0.9,,20.4
2026-07-04 18:26:00,46258,0.9,,20.4
2026-07-04 18:56:00,46258,0.8,,20.5
2026-07-04 19:26:00,46258,0.8,,20.7
2026-07-04 19:56:00,46258,0.9,,20.9
2026-07-04 20:26:00,46258,0.8,,20.9
2026-07-04 20:56:00,46258,0.8,,20.9
2026-07-04 21:26:00,46258,0.9,,20.8
2026-07-04 21:56:00,46258,0.9,,20.8
2026-07-04 22:26:00,46258,0.8,,20.8
2026-07-04 22:56:00,46258,0.9,,20.8
2026-07-04 23:26:00,46258,0.9,,20.7
2026-07-04 23:56:00,46258,0.9,,20.8
2026-07-05 00:26:00,46258,1.0,,20.7
2026-07-05 00:56:00,46258,1.0,,20.7
2026-07-05 01:26:00,46258,0.9,,20.7
2026-07-05 01:56:00,46258,0.9,,20.7
2026-07-05 02:26:00,46258,1.0,,20.6
2026-07-05 02:56:00,46258,1.0,,20.6
2026-07-05 03:26:00,46258,1.0,,20.6
2026-07-05 03:56:00,46258,0.9,,20.6
2026-07-05 04:26:00,46258,0.9,,20.6
2026-07-05 04:56:00,46258,0.9,,20.6
2026-07-05 05:26:00,46258,1.0,,20.6
2026-07-05 05:56:00,46258,0.8,,20.6
2026-07-05 06:26:00,46258,0.8,,20.5
2026-07-05 06:56:00,46258,0.9,,20.5
2026-07-05 07:26:00,46258,1.0,,20.5
2026-07-05 07:56:00,46258,0.9,,20.5
2026-07-05 08:26:00,46258,1.0,,20.5
2026-07-05 08:56:00,46258,0.9,,20.5
2026-07-05 09:26:00,46258,0.9,,20.5
2026-07-05 09:56:00,46258,1.0,,20.4
2026-07-05 10:26:00,46258,1.0,,20.4
2026-07-05 10:56:00,46258,0.9,,20.4
2026-07-05 11:26:00,46258,1.0,,20.4
2026-07-05 11:56:00,46258,1.1,,20.4
2026-07-05 12:26:00,46258,1.0,,20.4
2026-07-05 12:56:00,46258,1.0,,20.4
2026-07-05 13:26:00,46258,1.0,,20.4
2026-07-05 13:56:00,46258,1.0,,20.4
2026-07-05 14:26:00,46258,1.0,,20.4
2026-07-05 14:56:00,46258,1.1,,20.4
2026-07-05 15:26:00,46258,1.1,,20.4
2026-07-05 15:56:00,46258,1.0,,20.4
2026-07-05 16:26:00,46258,0.9,,20.5
2026-07-05 16:56:00,46258,1.0,,20.5
2026-07-05 17:26:00,46258,1.0,,20.6
2026-07-05 17:56:00,46258,0.9,,20.6
2026-07-05 18:26:00,46258,0.9,,20.7
2026-07-05 18:56:00,46258,1.0,,20.7
2026-07-05 19:26:00,46258,1.0,,20.8
2026-07-05 19:56:00,46258,0.9,,20.8
2026-07-05 20:26:00,46258,0.9,,20.9
2026-07-05 20:56:00,46258,1.0,,20.8
2026-07-05 21:26:00,46258,0.9,,20.8
2026-07-05 21:56:00,46258,1.0,,20.8
2026-07-05 22:26:00,46258,1.1,,20.8
2026-07-05 22:56:00,46258,1.0,,20.8
2026-07-05 23:26:00,46258,1.0,,20.8
2026-07-05 23:56:00,46258,1.1,,20.8
2026-07-06 00:26:00,46258,1.1,,20.8
2026-07-06 00:56:00,46258,1.0,,20.8
2026-07-06 01:26:00,46258,1.1,,20.7
2026-07-06 01:56:00,46258,1.2,,20.6
2026-07-06 02:26:00,46258,1.1,,20.6
2026-07-06 02:56:00,46258,1.2,,20.5
2026-07-06 03:26:00,46258,1.2,,20.5
2026-07-06 03:56:00,46258,1.2,,20.5
2026-07-06 04:26:00,46258,1.2,,20.5
2026-07-06 04:56:00,46258,1.2,,20.5
2026-07-06 05:26:00,46258,1.3,,20.5
2026-07-06 05:56:00,46258,1.2,,20.4
2026-07-06 06:26:00,46258,1.2,,20.5
2026-07-06 06:56:00,46258,1.2,,20.4
2026-07-06 07:26:00,46258,1.1,,20.4
2026-07-06 07:56:00,46258,1.2,,20.4
2026-07-06 08:26:00,46258,1.1,,20.4
2026-07-06 08:56:00,46258,1.1,,20.4
2026-07-06 09:26:00,46258,1.2,,20.4
2026-07-06 09:56:00,46258,1.1,,20.4
2026-07-06 10:26:00,46258,1.1,,20.4
2026-07-06 10:56:00,46258,1.2,,20.4
2026-07-06 11:26:00,46258,1.2,,20.4
2026-07-06 11:56:00,46258,1.0,,20.4
2026-07-06 12:26:00,46258,1.1,,20.4
2026-07-06 12:56:00,46258,1.1,,20.4
2026-07-06 13:26:00,46258,1.1,,20.4
2026-07-06 13:56:00,46258,1.1,,20.3
2026-07-06 14:26:00,46258,1.1,,20.3
2026-07-06 14:56:00,46258,1.2,,20.3
2026-07-06 15:26:00,46258,1.2,,20.3
2026-07-06 15:56:00,46258,1.2,,20.4
2026-07-06 16:26:00,46258,1.2,,20.4
2026-07-06 16:56:00,46258,1.2,,20.4
2026-07-06 17:26:00,46258,1.2,,20.4
2026-07-06 17:56:00,46258,1.2,,20.5
2026-07-06 18:26:00,46258,1.2,,20.5
2026-07-06 18:56:00,46258,1.2,,20.6
2026-07-06 19:26:00,46258,1.2,,20.7
2026-07-06 19:56:00,46258,1.1,,20.7
2026-07-06 20:26:00,46258,1.2,,20.7
2026-07-06 20:56:00,46258,1.2,,20.8
2026-07-06 21:26:00,46258,1.2,,20.8
2026-07-06 21:56:00,46258,1.2,,20.8
2026-07-06 22:26:00,46258,1.2,,20.8
2026-07-06 22:56:00,46258,1.2,,20.8
2026-07-06 23:26:00,46258,1.2,,20.8
2026-07-06 23:56:00,46258,1.2,,20.8
2026-07-07 00:26:00,46258,1.3,,20.7
2026-07-07 00:56:00,46258,1.4,,20.7
2026-07-07 01:26:00,46258,1.3,,20.7
2026-07-07 01:56:00,46258,1.5,,20.7
2026-07-07 02:26:00,46258,1.4,,20.6
2026-07-07 02:56:00,46258,1.5,,20.6
2026-07-07 03:26:00,46258,1.4,,20.5
2026-07-07 03:56:00,46258,1.4,,20.5
2026-07-07 04:26:00,46258,1.3,,20.4
2026-07-07 04:56:00,46258,1.3,,20.4
2026-07-07 05:26:00,46258,1.3,,20.4
2026-07-07 05:56:00,46258,1.3,,20.3
2026-07-07 06:26:00,46258,1.3,,20.3
2026-07-07 06:56:00,46258,1.2,,20.3
2026-07-07 07:26:00,46258,1.2,,20.3
2026-07-07 07:56:00,46258,1.1,,20.3
2026-07-07 08:26:00,46258,1.3,,20.2
2026-07-07 08:56:00,46258,1.2,,20.2
2026-07-07 09:26:00,46258,1.1,,20.2
2026-07-07 09:56:00,46258,1.1,,20.2
2026-07-07 10:26:00,46258,1.1,,20.2
2026-07-07 10:56:00,46258,1.1,,20.2
2026-07-07 11:26:00,46258,1.2,,20.2
2026-07-07 11:56:00,46258,1.2,,20.3
2026-07-07 12:26:00,46258,1.1,,20.3
2026-07-07 12:56:00,46258,1.2,,20.3
2026-07-07 13:26:00,46258,1.2,,20.2
2026-07-07 13:56:00,46258,1.3,,20.2
2026-07-07 14:26:00,46258,1.3,,20.3
2026-07-07 14:56:00,46258,1.3,,20.3
2026-07-07 15:26:00,46258,1.4,,20.3
2026-07-07 15:56:00,46258,1.4,,20.3
2026-07-07 16:26:00,46258,1.4,,20.3
2026-07-07 16:56:00,46258,1.4,,20.4
2026-07-07 17:26:00,46258,1.5,,20.4
2026-07-07 17:56:00,46258,1.3,,20.5
2026-07-07 18:26:00,46258,1.4,,20.5
2026-07-07 18:56:00,46258,1.3,,20.5
2026-07-07 19:26:00,46258,1.3,,20.5
2026-07-07 19:56:00,46258,1.3,,20.5
2026-07-07 20:26:00,46258,1.2,,20.5
2026-07-07 20:56:00,46258,1.3,,20.5
2026-07-07 21:26:00,46258,1.3,,20.6
2026-07-07 21:56:00,46258,1.2,,20.5
2026-07-07 22:26:00,46258,1.3,,20.5
2026-07-07 22:56:00,46258,1.3,,20.5
2026-07-07 23:26:00,46258,1.3,,20.5
2026-07-07 23:56:00,46258,1.4,,20.4
2026-07-08 00:26:00,46258,1.3,,20.4
2026-07-08 00:56:00,46258,1.3,,20.4
2026-07-08 01:26:00,46258,1.5,,20.4
2026-07-08 01:56:00,46258,1.4,,20.4
2026-07-08 02:26:00,46258,1.3,,20.4
2026-07-08 02:56:00,46258,1.4,,20.4
2026-07-08 03:26:00,46258,1.5,,20.4
2026-07-08 03:56:00,46258,1.4,,20.3
2026-07-08 04:26:00,46258,1.3,,20.3
2026-07-08 04:56:00,46258,1.3,,20.3
2026-07-08 05:26:00,46258,1.3,,20.3
2026-07-08 05:56:00,46258,1.4,,20.3
2026-07-08 06:26:00,46258,1.3,,20.4
2026-07-08 06:56:00,46258,1.4,,20.4
2026-07-08 07:26:00,46258,1.3,,20.4
2026-07-08 07:56:00,46258,1.3,,20.4
2026-07-08 08:26:00,46258,1.3,,20.4
2026-07-08 08:56:00,46258,1.3,,20.5
2026-07-08 09:26:00,46258,1.3,,20.4
2026-07-08 09:56:00,46258,1.4,,20.4
2026-07-08 10:26:00,46258,1.3,,20.4
2026-07-08 10:56:00,46258,1.4,,20.4
2026-07-08 11:26:00,46258,1.3,,20.4
2026-07-08 11:56:00,46258,1.3,,20.4
2026-07-08 12:26:00,46258,1.3,,20.4
2026-07-08 12:56:00,46258,1.3,,20.4
2026-07-08 13:26:00,46258,1.3,,20.4
2026-07-08 13:56:00,46258,1.4,,20.4
2026-07-08 14:26:00,46258,1.3,,20.4
2026-07-08 14:56:00,46258,1.4,,20.4
2026-07-08 15:26:00,46258,1.4,,20.4
2026-07-08 15:56:00,46258,1.5,,20.5
2026-07-08 16:26:00,46258,1.4,,20.5
2026-07-08 16:56:00,46258,1.4,,20.5
2026-07-08 17:26:00,46258,1.4,,20.6
2026-07-08 17:56:00,46258,1.3,,20.6
2026-07-08 18:26:00,46258,1.3,,20.7
2026-07-08 18:56:00,46258,1.3,,20.7
2026-07-08 19:26:00,46258,1.3,,20.8
2026-07-08 19:56:00,46258,1.3,,21.0
2026-07-08 20:26:00,46258,1.3,,21.1
2026-07-08 20:56:00,46258,1.1,,21.3
2026-07-08 21:26:00,46258,1.2,,21.3
2026-07-08 21:56:00,46258,1.2,,21.5
2026-07-08 22:26:00,46258,1.2,,21.5
2026-07-08 22:56:00,46258,1.1,,21.6
2026-07-08 23:26:00,46258,1.2,,21.7
2026-07-08 23:56:00,46258,1.2,,21.7
2026-07-09 00:26:00,46258,1.1,,21.5
2026-07-09 00:56:00,46258,1.1,,21.3
2026-07-09 01:26:00,46258,1.1,,21.2
2026-07-09 01:56:00,46258,1.1,,21.1
2026-07-09 02:26:00,46258,1.1,,21.0
2026-07-09 02:56:00,46258,1.2,,20.9
2026-07-09 03:26:00,46258,1.2,,20.9
2026-07-09 03:56:00,46258,1.2,,20.9
2026-07-09 04:26:00,46258,1.2,,20.8
2026-07-09 04:56:00,46258,1.3,,20.7
2026-07-09 05:26:00,46258,1.3,,20.7
2026-07-09 05:56:00,46258,1.2,,20.8
2026-07-09 06:26:00,46258,1.2,,20.7
2026-07-09 06:56:00,46258,1.1,,20.6
2026-07-09 07:26:00,46258,1.3,,20.6
2026-07-09 07:56:00,46258,1.2,,20.6
2026-07-09 08:26:00,46258,1.1,,20.5
2026-07-09 08:56:00,46258,1.3,,20.5
2026-07-09 09:26:00,46258,1.1,,20.5
2026-07-09 09:56:00,46258,1.1,,20.5
2026-07-09 10:26:00,46258,1.1,,20.4
2026-07-09 10:56:00,46258,1.2,,20.4
2026-07-09 11:26:00,46258,1.2,,20.4
2026-07-09 11:56:00,46258,1.2,,20.4
2026-07-09 12:26:00,46258,1.3,,20.4
2026-07-09 12:56:00,46258,1.2,,20.4
2026-07-09 13:26:00,46258,1.3,,20.5
2026-07-09 13:56:00,46258,1.1,,20.5
2026-07-09 14:26:00,46258,1.2,,20.5
2026-07-09 14:56:00,46258,1.3,,20.4
2026-07-09 15:26:00,46258,1.3,,20.5
2026-07-09 15:56:00,46258,1.4,,20.4
2026-07-09 16:26:00,46258,1.3,,20.4
2026-07-09 16:56:00,46258,1.3,,20.4
2026-07-09 17:26:00,46258,1.2,,20.4
2026-07-09 17:56:00,46258,1.3,,20.4
2026-07-09 18:26:00,46258,1.3,,20.4
2026-07-09 18:56:00,46258,1.3,,20.4
2026-07-09 19:26:00,46258,1.4,,20.5
2026-07-09 19:56:00,46258,1.4,,20.5
2026-07-09 20:26:00,46258,1.2,,20.5
2026-07-09 20:56:00,46258,1.3,,20.6
2026-07-09 21:26:00,46258,1.2,,20.7
2026-07-09 21:56:00,46258,1.2,,20.8
2026-07-09 22:26:00,46258,1.2,,20.9
2026-07-09 22:56:00,46258,1.2,,20.9
2026-07-09 23:26:00,46258,1.1,,20.9
2026-07-09 23:56:00,46258,1.2,,20.9
2026-07-10 00:26:00,46258,1.1,,20.9
2026-07-10 00:56:00,46258,1.1,,20.8
2026-07-10 01:26:00,46258,1.1,,20.8
2026-07-10 01:56:00,46258,1.0,,20.8
2026-07-10 02:26:00,46258,1.0,,20.8
2026-07-10 02:56:00,46258,1.1,,20.7
2026-07-10 03:26:00,46258,1.1,,20.7
2026-07-10 03:56:00,46258,1.0,,20.7
2026-07-10 04:26:00,46258,0.9,,20.7
2026-07-10 04:56:00,46258,1.1,,20.6
2026-07-10 05:26:00,46258,1.1,,20.7
2026-07-10 05:56:00,46258,1.0,,20.6
2026-07-10 06:26:00,46258,1.1,,20.5
2026-07-10 06:56:00,46258,1.0,,20.5
2026-07-10 07:26:00,46258,1.2,,20.5
2026-07-10 07:56:00,46258,1.0,,20.5
2026-07-10 08:26:00,46258,1.1,,20.5
2026-07-10 08:56:00,46258,1.0,,20.5
2026-07-10 09:26:00,46258,1.0,,20.4
2026-07-10 09:56:00,46258,1.0,,20.4
2026-07-10 10:26:00,46258,1.0,,20.4
2026-07-10 10:56:00,46258,1.0,,20.4
2026-07-10 11:26:00,46258,1.0,,20.4
2026-07-10 11:56:00,46258,1.0,,20.4
2026-07-10 12:26:00,46258,1.0,,20.4
2026-07-10 12:56:00,46258,1.0,,20.4
2026-07-10 13:26:00,46258,1.0,,20.3
2026-07-10 13:56:00,46258,1.0,,20.3
2026-07-10 14:26:00,46258,1.0,,20.3
2026-07-10 14:56:00,46258,1.0,,20.3
2026-07-10 15:26:00,46258,1.0,,20.3
2026-07-10 15:56:00,46258,1.0,,20.3
2026-07-10 16:26:00,46258,1.1,,20.3
2026-07-10 16:56:00,46258,1.1,,20.4
2026-07-10 17:26:00,46258,1.0,,20.4
2026-07-10 17:56:00,46258,1.2,,20.4
2026-07-10 18:26:00,46258,1.0,,20.4
2026-07-10 18:56:00,46258,1.2,,20.4
2026-07-10 19:26:00,46258,1.1,,20.4
2026-07-10 19:56:00,46258,1.1,,20.4
2026-07-10 20:26:00,46258,1.1,,20.5
2026-07-10 20:56:00,46258,1.0,,20.6
2026-07-10 21:26:00,46258,1.1,,20.7
2026-07-10 21:56:00,46258,1.1,,20.8
2026-07-10 22:26:00,46258,1.1,,20.9
2026-07-10 22:56:00,46258,1.1,,20.9
2026-07-10 23:26:00,46258,1.1,,20.9
2026-07-10 23:56:00,46258,1.0,,20.9
2026-07-11 00:26:00,46258,1.0,,20.9
2026-07-11 00:56:00,46258,1.1,,20.9
2026-07-11 01:26:00,46258,1.0,,20.9
2026-07-11 01:56:00,46258,0.9,,20.9
2026-07-11 02:26:00,46258,0.9,,20.8
2026-07-11 02:56:00,46258,1.0,,20.8
2026-07-11 03:26:00,46258,0.9,,20.8
2026-07-11 03:56:00,46258,0.9,,20.8
2026-07-11 04:26:00,46258,0.9,,20.8
2026-07-11 04:56:00,46258,1.0,,20.7
2026-07-11 05:26:00,46258,1.0,,20.6
2026-07-11 05:56:00,46258,1.1,,20.6
2026-07-11 06:26:00,46258,0.9,,20.6
2026-07-11 06:56:00,46258,1.0,,20.6
2026-07-11 07:26:00,46258,1.0,,20.6
2026-07-11 07:56:00,46258,1.0,,20.7
2026-07-11 08:26:00,46258,1.1,,20.6
2026-07-11 08:56:00,46258,1.0,,20.5
2026-07-11 09:26:00,46258,0.9,,20.5
2026-07-11 09:56:00,46258,1.0,,20.5
2026-07-11 10:26:00,46258,1.0,,20.5
2026-07-11 10:56:00,46258,0.9,,20.5
2026-07-11 11:26:00,46258,0.9,,20.5
2026-07-11 11:56:00,46258,1.0,,20.5
2026-07-11 12:26:00,46258,1.0,,20.5
2026-07-11 12:56:00,46258,0.9,,20.4
2026-07-11 13:26:00,46258,0.9,,20.5
2026-07-11 13:56:00,46258,0.9,,20.4
2026-07-11 14:26:00,46258,0.9,,20.4
2026-07-11 14:56:00,46258,0.9,,20.4
2026-07-11 15:26:00,46258,0.8,,20.5
2026-07-11 15:56:00,46258,0.8,,20.4
2026-07-11 16:26:00,46258,0.8,,20.5
2026-07-11 16:56:00,46258,0.8,,20.5
2026-07-11 17:26:00,46258,0.9,,20.6
2026-07-11 17:56:00,46258,0.8,,20.6
2026-07-11 18:26:00,46258,0.8,,20.8
2026-07-11 18:56:00,46258,0.8,,20.9
2026-07-11 19:26:00,46258,0.9,,21.2
2026-07-11 19:56:00,46258,0.9,,21.3
2026-07-11 20:26:00,46258,0.8,,21.5
2026-07-11 20:56:00,46258,0.8,,21.4
2026-07-11 21:26:00,46258,0.8,,21.3
2026-07-11 21:56:00,46258,0.8,,21.6
2026-07-11 22:26:00,46258,0.8,,21.4
2026-07-11 22:56:00,46258,0.9,,21.4
2026-07-11 23:26:00,46258,0.8,,21.4
2026-07-11 23:56:00,46258,0.9,,21.3
2026-07-12 00:26:00,46258,0.8,,21.2
2026-07-12 00:56:00,46258,0.8,,21.1
2026-07-12 01:26:00,46258,0.8,,21.1
2026-07-12 01:56:00,46258,0.7,,21.0
2026-07-12 02:26:00,46258,0.7,,20.9
2026-07-12 02:56:00,46258,0.9,,20.9
2026-07-12 03:26:00,46258,0.8,,20.9
2026-07-12 03:56:00,46258,0.8,,20.8
2026-07-12 04:26:00,46258,0.8,,20.8
2026-07-12 04:56:00,46258,0.7,,20.9
2026-07-12 05:26:00,46258,0.9,,20.8
2026-07-12 05:56:00,46258,0.7,,20.8
2026-07-12 06:26:00,46258,0.7,,20.8
2026-07-12 06:56:00,46258,0.8,,20.8
2026-07-12 07:26:00,46258,0.8,,20.7
2026-07-12 07:56:00,46258,0.7,,20.6
2026-07-12 08:26:00,46258,0.8,,20.5
2026-07-12 08:56:00,46258,0.9,,20.5
2026-07-12 09:26:00,46258,0.8,,20.5
2026-07-12 09:56:00,46258,0.8,,20.5
2026-07-12 10:26:00,46258,0.9,,20.5
2026-07-12 10:56:00,46258,0.8,,20.5
2026-07-12 11:26:00,46258,0.9,,20.5
2026-07-12 11:56:00,46258,0.8,,20.5
2026-07-12 12:26:00,46258,0.9,,20.5
2026-07-12 12:56:00,46258,0.9,,20.5
2026-07-12 13:26:00,46258,0.8,,20.5
2026-07-12 13:56:00,46258,0.9,,20.5
2026-07-12 14:26:00,46258,0.8,,20.5
2026-07-12 14:56:00,46258,0.8,,20.5
2026-07-12 15:26:00,46258,0.9,,20.6
2026-07-12 15:56:00,46258,0.8,,20.6
2026-07-12 16:26:00,46258,0.8,,20.6
2026-07-12 16:56:00,46258,0.9,,20.6
2026-07-12 17:26:00,46258,0.8,,20.6
2026-07-12 17:56:00,46258,0.9,,20.7
2026-07-12 18:26:00,46258,0.8,,21.0
2026-07-12 18:56:00,46258,0.9,,21.0
2026-07-12 19:26:00,46258,1.0,,21.2
2026-07-12 19:56:00,46258,0.9,,21.1
2026-07-12 20:26:00,46258,0.9,,21.2
2026-07-12 20:56:00,46258,0.8,,21.0
2026-07-12 21:26:00,46258,0.8,,21.1
2026-07-12 21:56:00,46258,0.9,,21.1
2026-07-12 22:26:00,46258,0.8,,21.1
2026-07-12 22:56:00,46258,0.8,,21.1
2026-07-12 23:26:00,46258,0.9,,21.1
2026-07-12 23:56:00,46258,0.9,,21.1
2026-07-13 00:26:00,46258,0.8,,21.1
2026-07-13 00:56:00,46258,0.8,,21.0
2026-07-13 01:26:00,46258,0.8,,21.0
2026-07-13 01:56:00,46258,0.8,,20.9
2026-07-13 02:26:00,46258,0.8,,20.9
2026-07-13 02:56:00,46258,0.9,,20.9
2026-07-13 03:26:00,46258,0.8,,20.9
2026-07-13 03:56:00,46258,0.8,,20.9
2026-07-13 04:26:00,46258,0.7,,20.9
2026-07-13 04:56:00,46258,0.9,,20.8
2026-07-13 05:26:00,46258,0.8,,20.8
2026-07-13 05:56:00,46258,0.8,,20.8
2026-07-13 06:26:00,46258,0.8,,20.8
2026-07-13 06:56:00,46258,0.8,,20.8
2026-07-13 07:26:00,46258,0.8,,20.8
2026-07-13 07:56:00,46258,0.8,,20.7
2026-07-13 08:26:00,46258,0.9,,20.7
2026-07-13 08:56:00,46258,0.8,,20.7
2026-07-13 09:26:00,46258,0.9,,20.7
2026-07-13 09:56:00,46258,0.9,,20.7
2026-07-13 10:26:00,46258,0.8,,20.7
2026-07-13 10:56:00,46258,0.8,,20.7
2026-07-13 11:26:00,46258,0.8,,20.7
2026-07-13 11:56:00,46258,0.8,,20.6
2026-07-13 12:26:00,46258,0.9,,20.6
2026-07-13 12:56:00,46258,0.9,,20.6
2026-07-13 13:26:00,46258,0.8,,20.6
2026-07-13 13:56:00,46258,0.8,,20.6
2026-07-13 14:26:00,46258,0.9,,20.6
2026-07-13 14:56:00,46258,0.9,,20.6
2026-07-13 15:26:00,46258,0.9,,20.6
2026-07-13 15:56:00,46258,0.9,,20.7
2026-07-13 16:26:00,46258,0.9,,20.7
2026-07-13 16:56:00,46258,0.9,,20.8
2026-07-13 17:26:00,46258,0.8,,20.8
2026-07-13 17:56:00,46258,0.8,,20.9
2026-07-13 18:26:00,46258,0.9,,21.0
2026-07-13 18:56:00,46258,0.8,,21.2
2026-07-13 19:26:00,46258,0.9,,21.4
2026-07-13 19:56:00,46258,0.8,,21.2
2026-07-13 20:26:00,46258,0.8,,21.8
2026-07-13 20:56:00,46258,0.9,,21.6
2026-07-13 21:26:00,46258,0.8,,22.1
2026-07-13 21:56:00,46258,1.0,,22.3
2026-07-13 22:26:00,46258,0.7,,22.2
2026-07-13 22:56:00,46258,0.8,,22.0
2026-07-13 23:26:00,46258,0.8,,21.9
2026-07-13 23:56:00,46258,0.9,,21.7
2026-07-14 00:26:00,46258,0.7,,21.6
2026-07-14 00:56:00,46258,0.8,,21.4
2026-07-14 01:26:00,46258,0.9,,21.3
2026-07-14 01:56:00,46258,1.0,,21.2
2026-07-14 02:26:00,46258,0.9,,21.1
2026-07-14 02:56:00,46258,0.9,,21.0
2026-07-14 03:26:00,46258,0.8,,20.9
2026-07-14 03:56:00,46258,0.9,,20.9
2026-07-14 04:26:00,46258,0.9,,21.0
2026-07-14 04:56:00,46258,0.9,,21.0
2026-07-14 05:26:00,46258,0.9,,21.0
2026-07-14 05:56:00,46258,1.0,,20.9
2026-07-14 06:26:00,46258,0.9,,20.9
2026-07-14 06:56:00,46258,0.9,,20.9
2026-07-14 07:26:00,46258,0.9,,20.9
2026-07-14 07:56:00,46258,1.0,,20.9
2026-07-14 08:26:00,46258,0.9,,21.0
2026-07-14 08:56:00,46258,0.8,,20.9
2026-07-14 09:26:00,46258,0.9,,20.9
2026-07-14 09:56:00,46258,1.0,,20.9
2026-07-14 10:26:00,46258,0.8,,20.9
2026-07-14 10:56:00,46258,0.9,,20.8
2026-07-14 11:26:00,46258,0.9,,20.8
2026-07-14 11:56:00,46258,0.9,,20.8
2026-07-14 12:26:00,46258,0.9,,20.8
2026-07-14 12:56:00,46258,0.9,,20.8
2026-07-14 13:26:00,46258,0.8,,20.8
2026-07-14 13:56:00,46258,0.9,,20.8
2026-07-14 14:26:00,46258,0.8,,20.8
2026-07-14 14:56:00,46258,0.8,,20.8
2026-07-14 15:26:00,46258,0.8,,20.8
2026-07-14 15:56:00,46258,0.8,,20.8
2026-07-14 16:26:00,46258,0.8,,20.9
2026-07-14 16:56:00,46258,0.8,,21.0
2026-07-14 17:26:00,46258,0.8,,21.0
2026-07-14 17:56:00,46258,0.8,,21.0
2026-07-14 18:26:00,46258,0.9,,21.1
2026-07-14 18:56:00,46258,0.9,,21.1
2026-07-14 19:26:00,46258,0.9,,21.1
2026-07-14 19:56:00,46258,0.8,,21.1
2026-07-14 20:26:00,46258,0.9,,21.1
2026-07-14 20:56:00,46258,1.0,,21.1
2026-07-14 21:26:00,46258,0.9,,21.1
2026-07-14 21:56:00,46258,1.0,,21.2
2026-07-14 22:26:00,46258,0.9,,21.1
2026-07-14 22:56:00,46258,1.0,,21.1
2026-07-14 23:26:00,46258,0.9,,21.2
2026-07-14 23:56:00,46258,0.9,,21.1
2026-07-15 00:26:00,46258,0.9,,21.2
2026-07-15 00:56:00,46258,1.0,,21.1
2026-07-15 01:26:00,46258,0.9,,21.1
2026-07-15 01:56:00,46258,0.9,,21.1
2026-07-15 02:26:00,46258,0.9,,21.2
2026-07-15 02:56:00,46258,0.9,,21.2
2026-07-15 03:26:00,46258,1.0,,21.2
2026-07-15 03:56:00,46258,1.0,,21.2
2026-07-15 04:26:00,46258,1.0,,21.2
2026-07-15 04:56:00,46258,1.1,,21.1
2026-07-15 05:26:00,46258,1.0,,21.1
2026-07-15 05:56:00,46258,1.0,,21.1
2026-07-15 06:26:00,46258,1.0,,21.1
2026-07-15 06:56:00,46258,1.0,,21.0
2026-07-15 07:26:00,46258,1.0,,21.1
2026-07-15 07:56:00,46258,1.1,,21.2
2026-07-15 08:26:00,46258,1.0,,21.2
2026-07-15 08:56:00,46258,1.1,,21.2
2026-07-15 09:26:00,46258,1.0,,21.2
2026-07-15 09:56:00,46258,1.0,,21.2
2026-07-15 10:26:00,46258,1.0,,21.2
2026-07-15 10:56:00,46258,1.0,,21.2
2026-07-15 11:26:00,46258,0.9,,21.2
2026-07-15 11:56:00,46258,0.9,,21.1
2026-07-15 12:26:00,46258,0.9,,21.1
2026-07-15 12:56:00,46258,0.9,,21.1
2026-07-15 13:26:00,46258,0.9,,21.1
2026-07-15 13:56:00,46258,0.9,,21.1
2026-07-15 14:26:00,46258,0.9,,21.1
2026-07-15 14:56:00,46258,1.0,,21.1
2026-07-15 15:26:00,46258,1.0,,21.2
2026-07-15 15:56:00,46258,0.9,,21.2
2026-07-15 16:26:00,46258,0.9,,21.3
2026-07-15 16:56:00,46258,0.8,,21.4
2026-07-15 17:26:00,46258,1.0,,21.5
2026-07-15 17:56:00,46258,0.9,,21.6
2026-07-15 18:26:00,46258,0.9,,21.7
2026-07-15 18:56:00,46258,0.9,,21.7
2026-07-15 19:26:00,46258,0.9,,21.8
2026-07-15 19:56:00,46258,0.9,,21.9
2026-07-15 20:26:00,46258,0.9,,21.9
2026-07-15 20:56:00,46258,0.9,,21.9
2026-07-15 21:26:00,46258,0.9,,22.1
2026-07-15 21:56:00,46258,0.9,,22.2
2026-07-15 22:26:00,46258,0.9,,22.3
2026-07-15 22:56:00,46258,0.9,,22.4
2026-07-15 23:26:00,46258,0.8,,22.4
2026-07-15 23:56:00,46258,0.9,,22.2
2026-07-16 00:26:00,46258,0.9,,22.2
2026-07-16 00:56:00,46258,0.9,,22.1
2026-07-16 01:26:00,46258,0.9,,22.1
2026-07-16 01:56:00,46258,0.9,,22.0
2026-07-16 02:26:00,46258,0.8,,21.9
2026-07-16 02:56:00,46258,0.9,,21.9
2026-07-16 03:26:00,46258,0.8,,22.0
2026-07-16 03:56:00,46258,0.8,,22.0
2026-07-16 04:26:00,46258,0.8,,22.0
2026-07-16 04:56:00,46258,0.8,,21.9
2026-07-16 05:26:00,46258,0.8,,21.8
2026-07-16 05:56:00,46258,0.8,,21.8
2026-07-16 06:26:00,46258,0.8,,21.8
2026-07-16 06:56:00,46258,0.8,,21.7
2026-07-16 07:26:00,46258,0.8,,21.7
2026-07-16 07:56:00,46258,0.8,,21.5
2026-07-16 08:26:00,46258,0.8,,21.5
2026-07-16 08:56:00,46258,0.9,,21.5
2026-07-16 09:26:00,46258,0.8,,21.4
2026-07-16 09:56:00,46258,0.8,,21.4
2026-07-16 10:26:00,46258,0.8,,21.5
2026-07-16 10:56:00,46258,0.8,,21.5
2026-07-16 11:26:00,46258,0.9,,21.5
2026-07-16 11:56:00,46258,0.8,,21.5
2026-07-16 12:26:00,46258,0.8,,21.5
2026-07-16 12:56:00,46258,0.9,,21.4
2026-07-16 13:26:00,46258,1.0,,21.4
2026-07-16 13:56:00,46258,0.9,,21.3
2026-07-16 14:26:00,46258,1.0,,21.2
2026-07-16 14:56:00,46258,0.9,,21.2
2026-07-16 15:26:00,46258,0.9,,21.2
2026-07-16 15:56:00,46258,1.0,,21.3
2026-07-16 16:26:00,46258,0.9,,21.3
2026-07-16 16:56:00,46258,1.0,,21.3
2026-07-16 17:26:00,46258,1.0,,21.3
2026-07-16 17:56:00,46258,1.0,,21.3
2026-07-16 18:26:00,46258,1.0,,21.3
2026-07-16 18:56:00,46258,1.0,,21.4
2026-07-16 19:26:00,46258,1.0,,21.3
2026-07-16 19:56:00,46258,1.1,,21.3
2026-07-16 20:26:00,46258,1.1,,21.3
2026-07-16 20:56:00,46258,1.1,,21.3
2026-07-16 21:26:00,46258,1.1,,21.3
2026-07-16 21:56:00,46258,1.1,,21.4
2026-07-16 22:26:00,46258,1.1,,21.4
2026-07-16 22:56:00,46258,1.2,,21.4
2026-07-16 23:26:00,46258,1.1,,21.4
2026-07-16 23:56:00,46258,1.2,,21.4
2026-07-17 00:26:00,46258,1.2,,21.3
2026-07-17 00:56:00,46258,1.2,,21.2
2026-07-17 01:26:00,46258,1.1,,21.2
2026-07-17 01:56:00,46258,1.2,,21.1
2026-07-17 02:26:00,46258,1.2,,21.1
2026-07-17 02:56:00,46258,1.1,,21.1
2026-07-17 03:26:00,46258,1.1,,21.0
2026-07-17 03:56:00,46258,1.2,,21.0
2026-07-17 04:26:00,46258,1.1,,21.0
2026-07-17 04:56:00,46258,1.1,,21.0
2026-07-17 05:26:00,46258,1.1,,21.0
2026-07-17 05:56:00,46258,1.0,,21.0
2026-07-17 06:26:00,46258,1.0,,21.0
2026-07-17 06:56:00,46258,1.0,,21.0
2026-07-17 07:26:00,46258,1.0,,21.0
2026-07-17 07:56:00,46258,1.0,,21.0
2026-07-17 08:26:00,46258,1.0,,21.0
2026-07-17 08:56:00,46258,1.0,,21.0
2026-07-17 09:26:00,46258,0.9,,21.0
2026-07-17 09:56:00,46258,1.0,,21.0
2026-07-17 10:26:00,46258,1.0,,21.0
2026-07-17 10:56:00,46258,1.0,,21.0
2026-07-17 11:26:00,46258,1.2,,21.0
2026-07-17 11:56:00,46258,1.1,,21.0
2026-07-17 12:26:00,46258,1.1,,21.0
2026-07-17 12:56:00,46258,1.1,,21.0
2026-07-17 13:26:00,46258,1.1,,21.0
2026-07-17 13:56:00,46258,1.0,,21.0
2026-07-17 14:26:00,46258,1.0,,21.0
2026-07-17 14:56:00,46258,1.0,,21.0
2026-07-17 15:26:00,46258,1.0,,20.9
2026-07-17 15:56:00,46258,1.0,,20.9
2026-07-17 16:26:00,46258,1.0,,20.9
2026-07-17 16:56:00,46258,1.0,,20.8
2026-07-17 17:26:00,46258,1.0,,20.9
2026-07-17 17:56:00,46258,1.0,,20.9
2026-07-17 18:26:00,46258,1.0,,21.0
2026-07-17 18:56:00,46258,1.0,,21.0
2026-07-17 19:26:00,46258,1.0,,21.0
2026-07-17 19:56:00,46258,1.0,,21.2
2026-07-17 20:26:00,46258,1.0,,21.2
2026-07-17 20:56:00,46258,1.1,,21.2
2026-07-17 21:26:00,46258,1.1,,21.2
2026-07-17 21:56:00,46258,1.1,,21.2
2026-07-17 22:26:00,46258,1.1,,21.2
2026-07-17 22:56:00,46258,1.1,,21.3
2026-07-17 23:26:00,46258,1.0,,21.3
2026-07-17 23:56:00,46258,1.1,,21.4
2026-07-18 00:26:00,46258,1.1,,21.4
2026-07-18 00:56:00,46258,1.1,,21.4
2026-07-18 01:26:00,46258,1.1,,21.3
2026-07-18 01:56:00,46258,1.1,,21.4
2026-07-18 02:26:00,46258,1.0,,21.3
2026-07-18 02:56:00,46258,1.0,,21.3
2026-07-18 03:26:00,46258,1.0,,21.3
2026-07-18 03:56:00,46258,1.0,,21.3
2026-07-18 04:26:00,46258,1.0,,21.3
2026-07-18 04:56:00,46258,0.9,,21.3
2026-07-18 05:26:00,46258,0.9,,21.3
2026-07-18 05:56:00,46258,0.9,,21.2
2026-07-18 06:26:00,46258,0.9,,21.2
2026-07-18 06:56:00,46258,0.9,,21.3
2026-07-18 07:26:00,46258,0.9,,21.2
2026-07-18 07:56:00,46258,0.9,,21.2
2026-07-18 08:26:00,46258,0.9,,21.2
2026-07-18 08:56:00,46258,0.9,,21.2
2026-07-18 09:26:00,46258,0.9,,21.2
2026-07-18 09:56:00,46258,1.0,,21.2
2026-07-18 10:26:00,46258,0.9,,21.2
2026-07-18 10:56:00,46258,1.0,,21.2
2026-07-18 11:26:00,46258,0.9,,21.2
2026-07-18 11:56:00,46258,0.9,,21.2
2026-07-18 12:26:00,46258,1.0,,21.2
2026-07-18 12:56:00,46258,1.0,,21.1
2026-07-18 13:26:00,46258,0.9,,21.1
2026-07-18 13:56:00,46258,0.9,,21.1
2026-07-18 14:26:00,46258,0.9,,21.1
2026-07-18 14:56:00,46258,0.9,,21.1
2026-07-18 15:26:00,46258,0.9,,21.2
2026-07-18 15:56:00,46258,0.9,,21.2
2026-07-18 16:26:00,46258,0.9,,21.3
2026-07-18 16:56:00,46258,0.9,,21.4
2026-07-18 17:26:00,46258,0.8,,21.5
2026-07-18 17:56:00,46258,0.9,,21.9
2026-07-18 18:26:00,46258,0.9,,22.1
2026-07-18 18:56:00,46258,0.9,,21.9
2026-07-18 19:26:00,46258,1.0,,21.8
2026-07-18 19:56:00,46258,0.9,,21.8
2026-07-18 20:26:00,46258,1.0,,21.8
2026-07-18 20:56:00,46258,0.9,,21.7
2026-07-18 21:26:00,46258,1.0,,21.8
2026-07-18 21:56:00,46258,1.0,,21.8
2026-07-18 22:26:00,46258,1.1,,21.8
2026-07-18 22:56:00,46258,1.0,,21.9
2026-07-18 23:26:00,46258,1.0,,21.9
2026-07-18 23:56:00,46258,1.0,,22.1
2026-07-19 00:26:00,46258,1.0,,22.0
2026-07-19 00:56:00,46258,1.1,,21.8
2026-07-19 01:26:00,46258,1.0,,21.9
2026-07-19 01:56:00,46258,1.1,,21.9
2026-07-19 02:26:00,46258,1.2,,21.8
2026-07-19 02:56:00,46258,1.1,,21.8
2026-07-19 03:26:00,46258,1.2,,21.9
2026-07-19 03:56:00,46258,1.1,,22.0
2026-07-19 04:26:00,46258,1.1,,21.9
2026-07-19 04:56:00,46258,1.1,,22.0
2026-07-19 05:26:00,46258,1.0,,21.9
2026-07-19 05:56:00,46258,1.2,,21.9
2026-07-19 06:26:00,46258,1.2,,21.9
2026-07-19 06:56:00,46258,1.2,,21.9
2026-07-19 07:26:00,46258,1.2,,21.8
2026-07-19 07:56:00,46258,1.2,,21.9
2026-07-19 08:26:00,46258,1.2,,21.9
2026-07-19 08:56:00,46258,1.3,,21.8
2026-07-19 09:26:00,46258,1.3,,21.7
2026-07-19 09:56:00,46258,1.3,,21.7
2026-07-19 10:26:00,46258,1.3,,21.7
2026-07-19 10:56:00,46258,1.3,,21.7
2026-07-19 11:26:00,46258,1.3,,21.7
2026-07-19 11:56:00,46258,1.3,,21.7
2026-07-19 12:26:00,46258,1.2,,21.7
2026-07-19 12:56:00,46258,1.1,,21.7
2026-07-19 13:26:00,46258,1.1,,21.7
2026-07-19 13:56:00,46258,1.1,,21.7
2026-07-19 14:26:00,46258,1.1,,21.7
2026-07-19 14:56:00,46258,1.0,,21.7
2026-07-19 15:26:00,46258,1.0,,21.8
2026-07-19 15:56:00,46258,1.0,,21.9
2026-07-19 16:26:00,46258,1.0,,21.9
2026-07-19 16:56:00,46258,1.0,,22.0
2026-07-19 17:26:00,46258,1.1,,22.0
2026-07-19 17:56:00,46258,1.1,,22.1
2026-07-19 18:26:00,46258,1.1,,22.2
2026-07-19 18:56:00,46258,1.0,,22.2
2026-07-19 19:26:00,46258,1.0,,22.2
2026-07-19 19:56:00,46258,1.1,,22.3
2026-07-19 20:26:00,46258,1.1,,22.4
2026-07-19 20:56:00,46258,1.1,,22.4
2026-07-19 21:26:00,46258,1.1,,22.3
2026-07-19 21:56:00,46258,1.0,,22.2
2026-07-19 22:26:00,46258,1.2,,22.3
2026-07-19 22:56:00,46258,1.2,,22.4
2026-07-19 23:26:00,46258,1.2,,22.4
2026-07-19 23:56:00,46258,1.1,,22.5
2026-07-20 00:26:00,46258,1.1,,22.5
2026-07-20 00:56:00,46258,1.1,,22.6
2026-07-20 01:26:00,46258,1.1,,22.6
2026-07-20 01:56:00,46258,1.1,,22.7
2026-07-20 02:26:00,46258,1.1,,22.7
2026-07-20 02:56:00,46258,1.1,,22.7
2026-07-20 03:26:00,46258,1.1,,22.7
2026-07-20 03:56:00,46258,1.1,,22.6
2026-07-20 04:26:00,46258,1.1,,22.6
2026-07-20 04:56:00,46258,0.9,,22.5
2026-07-20 05:26:00,46258,1.1,,22.6
2026-07-20 05:56:00,46258,1.1,,22.5
2026-07-20 06:26:00,46258,1.0,,22.5
2026-07-20 06:56:00,46258,1.1,,22.4
2026-07-20 07:26:00,46258,1.1,,22.5
2026-07-20 07:56:00,46258,1.0,,22.5
2026-07-20 08:26:00,46258,1.1,,22.5
2026-07-20 08:56:00,46258,1.1,,22.4
2026-07-20 09:26:00,46258,1.2,,22.4
2026-07-20 09:56:00,46258,1.2,,22.3
